äggkremla1.jpg	äggkremla
äggkremla2.jpg	äggkremla
äggkremla3.jpg	äggkremla
äggkremla4.jpg	äggkremla
äggkremla5.jpg	äggkremla
äggvaxskivling1.jpg	äggvaxskivling
äggvaxskivling2.jpg	äggvaxskivling
äggvaxskivling3.jpg	äggvaxskivling
äggvaxskivling4.jpg	äggvaxskivling
äggvaxskivling5.jpg	äggvaxskivling
ängschampinjon1.jpg	ängschampinjon
ängschampinjon2.jpg	ängschampinjon
ängschampinjon3.jpg	ängschampinjon
ängschampinjon4.jpg	ängschampinjon
ängschampinjon5.jpg	ängschampinjon
ängvaxskivling1.jpg	ängvaxskivling
ängvaxskivling2.jpg	ängvaxskivling
ängvaxskivling3.jpg	ängvaxskivling
ängvaxskivling4.jpg	ängvaxskivling
ängvaxskivling5.jpg	ängvaxskivling
aspsopp1.jpg	aspsopp
aspsopp2.jpg	aspsopp
aspsopp3.jpg	aspsopp
beskVaxskivling1.jpg	beskVaxskivling
beskVaxskivling2.jpg	beskVaxskivling
beskVaxskivling3.jpg	beskVaxskivling
beskVaxskivling4.jpg	beskVaxskivling
beskVaxskivling5.jpg	beskVaxskivling
bitterRiddarmusseron1.jpg	bitterRiddarmusseron
bitterRiddarmusseron2.jpg	bitterRiddarmusseron
bitterRiddarmusseron3.jpg	bitterRiddarmusseron
bitterRiddarmusseron4.jpg	bitterRiddarmusseron
bitterRiddarmusseron5.jpg	bitterRiddarmusseron
björksopp1.jpg	björksopp
björksopp2.jpg	björksopp
björksopp3.jpg	björksopp
bjorksopp4.jpg	bjorksopp
björksopp5.jpg	björksopp
blåMusseron1.jpg	blåMusseron
blåMusseron2.jpg	blåMusseron
blåMusseron3.jpg	blåMusseron
blekFingersvamp1.jpg	blekFingersvamp
blekFingersvamp2.jpg	blekFingersvamp
blekFingersvamp3.jpg	blekFingersvamp
blekFingersvamp4.jpg	blekFingersvamp
blekFingersvamp5.jpg	blekFingersvamp
blekKantarell1.jpg	blekKantarell
blekKantarell2.jpg	blekKantarell
blekKantarell3.jpg	blekKantarell
blekKantarell4.jpg	blekKantarell
blekOstronmussling1.jpg	blekOstronmussling
blekOstronmussling2.jpg	blekOstronmussling
blekOstronmussling3.jpg	blekOstronmussling
blekOstronmussling4.jpg	blekOstronmussling
blekTaggsvamp1.jpg	blekTaggsvamp
blekTaggsvamp2.jpg	blekTaggsvamp
blekTaggsvamp3.jpg	blekTaggsvamp
blekTaggsvamp4.jpg	blekTaggsvamp
blekTaggsvamp5.jpg	blekTaggsvamp
blod-Champion1.jpg	blod-Champion
blod-Champion2.jpg	blod-Champion
blodriska1.jpg	blodriska
blodriska2.jpg	blodriska
blodriska3.jpg	blodriska
blodriska4.jpg	blodriska
blodriska5.jpg	blodriska
blodsopp1.jpg	blodsopp
blodsopp2.jpg	blodsopp
blodsopp3.jpg	blodsopp
blodsopp4.jpg	blodsopp
blodsopp5.jpg	blodsopp
blodspindling1.jpg	blodspindling
blodspindling2.jpg	blodspindling
blodspindling3.jpg	blodspindling
blodspindling4.jpg	blodspindling
blodspindling5.jpg	blodspindling
blomkålssvamp1.jpg	blomkålssvamp
blomkålssvamp2.jpg	blomkålssvamp
blomkålssvamp3.jpg	blomkålssvamp
blomkålssvamp4.jpg	blomkålssvamp
blomkålssvamp5.jpg	blomkålssvamp
bolmörtsskivling1.jpg	bolmörtsskivling
bolmörtsskivling2.jpg	bolmörtsskivling
bolmörtsskivling3.jpg	bolmörtsskivling
bolmörtsskivling4.jpg	bolmörtsskivling
bolmörtsskivling5.jpg	bolmörtsskivling
brödticka1.jpg	brödticka
brödticka2.jpg	brödticka
brödticka3.jpg	brödticka
brokKremla1.jpg	brokKremla
brokKremla2.jpg	brokKremla
brokKremla3.jpg	brokKremla
brokKremla4.jpg	brokKremla
brunFlugsvamp1.jpg	brunFlugsvamp
brunFlugsvamp2.jpg	brunFlugsvamp
brunFlugsvamp3.jpg	brunFlugsvamp
brunFlugsvamp4.jpg	brunFlugsvamp
brunFlugsvamp5.jpg	brunFlugsvamp
brunsopp1.jpg	brunsopp
brunsopp2.jpg	brunsopp
brunsopp3.jpg	brunsopp
brunsopp4.jpg	brunsopp
brunsopp5.jpg	brunsopp
brunsopp6.jpg	brunsopp
citron-Slemskivling1.jpg	citron-Slemskivling
citron-Slemskivling2.jpg	citron-Slemskivling
citron-Slemskivling3.jpg	citron-Slemskivling
citron-Slemskivling4.jpg	citron-Slemskivling
djävulssopp1.jpg	djävulssopp
djävulssopp2.jpg	djävulssopp
djävulssopp3.jpg	djävulssopp
djävulssopp4.jpg	djävulssopp
djävulssopp5.jpg	djävulssopp
droppmusseron1.jpg	droppmusseron
droppmusseron2.jpg	droppmusseron
droppmusseron3.jpg	droppmusseron
droppmusseron4.jpg	droppmusseron
droppmusseron5.jpg	droppmusseron
Druv­fingersvamp1.jpg	Druv­fingersvamp
Druv­fingersvamp2.jpg	Druv­fingersvamp
Druv­fingersvamp3.jpg	Druv­fingersvamp
Druv­fingersvamp4.jpg	Druv­fingersvamp
Druv­fingersvamp5.jpg	Druv­fingersvamp
ekmusseron1.jpg	ekmusseron
ekmusseron2.jpg	ekmusseron
ekmusseron3.jpg	ekmusseron
ekmusseron4.jpg	ekmusseron
ekmusseron5.jpg	ekmusseron
EksillKremla.jpg	EksillKremla
EksillKremla2.jpg	EksillKremla
EksillKremla3.jpg	EksillKremla
EksillKremla4.jpg	EksillKremla
EksillKremla5.jpg	EksillKremla
eldspindling1.jpg	eldspindling
eldspindling2.jpg	eldspindling
eldspindling3.jpg	eldspindling
eldspindling4.jpg	eldspindling
eldspindling5.jpg	eldspindling
falskRutsopp1.jpg	falskRutsopp
falskRutsopp2.jpg	falskRutsopp
falskRutsopp3.jpg	falskRutsopp
falskRutsopp4.jpg	falskRutsopp
falskRutsopp5.jpg	falskRutsopp
falskRutsopp6.jpg	falskRutsopp
fårticka.jpg	fårticka
fårticka2.jpg	fårticka
fårticka3.jpg	fårticka
fårticka4.jpg	fårticka
finludenStensopp.jpg	finludenStensopp
finludenStensopp2.jpg	finludenStensopp
finludenStensopp3.jpg	finludenStensopp
finludenStensopp4.jpg	finludenStensopp
finludenStensopp5.jpg	finludenStensopp
fjälligBläcksvamp.jpg	fjälligBläcksvamp
fjälligBläcksvamp2.jpg	fjälligBläcksvamp
fjälligBläcksvamp3.jpg	fjälligBläcksvamp
fjälligBläcksvamp4.jpg	fjälligBläcksvamp
fjälligGallmusseron1.jpg	fjälligGallmusseron
fjälligGallmusseron2.jpg	fjälligGallmusseron
fjälligGallmusseron3.jpg	fjälligGallmusseron
fjälligGallmusseron4.jpg	fjälligGallmusseron
fjälligGallmusseron5.jpg	fjälligGallmusseron
fjälligTaggsvamp.jpg	fjälligTaggsvamp
fjälligTaggsvamp2.jpg	fjälligTaggsvamp
fjälligTaggsvamp3.jpg	fjälligTaggsvamp
fjälligTaggsvamp4.jpg	fjälligTaggsvamp
fläckKantarell.jpg	fläckKantarell
fläckKantarell2.jpg	fläckKantarell
fläckKantarell3.jpg	fläckKantarell
fläckKantarell4.jpg	fläckKantarell
föränderligTofsskivling.jpg	föränderligTofsskivling
föränderligTofsskivling2.jpg	föränderligTofsskivling
föränderligTofsskivling3.jpg	föränderligTofsskivling
föränderligTofsskivling4.jpg	föränderligTofsskivling
frostvaxskivling.jpg	frostvaxskivling
frostvaxskivling1.jpg	frostvaxskivling
frostvaxskivling2.jpg	frostvaxskivling
frostvaxskivling3.jpg	frostvaxskivling
gallmusseron1.jpg	gallmusseron
gallmusseron2.jpg	gallmusseron
gallmusseron3.jpg	gallmusseron
gallmusseron4.jpg	gallmusseron
gallmusseron5.jpg	gallmusseron
giftchampinjon1.jpg	giftchampinjon
giftchampinjon2.jpg	giftchampinjon
giftchampinjon3.jpg	giftchampinjon
giftchampinjon4.jpg	giftchampinjon
giftchampinjon5.jpg	giftchampinjon
gifthätting1.jpg	gifthätting
gifthätting2.jpg	gifthätting
gifthätting3.jpg	gifthätting
gifthätting4.jpg	gifthätting
gifthätting5.jpg	gifthätting
giftkremla1.jpg	giftkremla
giftkremla2.jpg	giftkremla
giftkremla3.jpg	giftkremla
giftkremla4.jpg	giftkremla
giftkremla5.jpg	giftkremla
gifttråding1.jpg	gifttråding
gifttråding2.jpg	gifttråding
gifttråding3.jpg	gifttråding
gifttråding4.jpg	gifttråding
gifttråding5.jpg	gifttråding
gifttrattsskivling1.jpg	gifttrattsskivling
gifttrattsskivling2.jpg	gifttrattsskivling
gifttrattsskivling3.jpg	gifttrattsskivling
gifttrattsskivling4.jpg	gifttrattsskivling
gifttrattsskivling5.jpg	gifttrattsskivling
goliatMuseron.jpg	goliatMuseron
goliatMuseron2.jpg	goliatMuseron
goliatMuseron3.jpg	goliatMuseron
goliatMuseron4.jpg	goliatMuseron
gråBläcksvamp1.jpg	gråBläcksvamp
gråBläcksvamp2.jpg	gråBläcksvamp
gråBläcksvamp3.jpg	gråBläcksvamp
gråBläcksvamp4.jpg	gråBläcksvamp
gråBläcksvamp5.jpg	gråBläcksvamp
grönfläckigVinriska.jpg	grönfläckigVinriska
grönfläckigVinriska2.jpg	grönfläckigVinriska
grönfläckigVinriska3.jpg	grönfläckigVinriska
grönfläckigVinriska4.jpg	grönfläckigVinriska
grönkremla.jpg	grönkremla
grönkremla2.jpg	grönkremla
grönkremla3.JPG	grönkremla
grönkremla4.jpg	grönkremla
grönkremla5.jpg	grönkremla
grynSopp.jpg	grynSopp
grynSopp2.jpg	grynSopp
grynSopp3.jpg	grynSopp
grynSopp4.jpg	grynSopp
gulbandadSpindling1.jpg	gulbandadSpindling
gulbandadSpindling2.jpg	gulbandadSpindling
gulbandadSpindling3.jpg	gulbandadSpindling
gulbandadSpindling4.jpg	gulbandadSpindling
gulbandadSpindling5.jpg	gulbandadSpindling
guldKremla.jpg	guldKremla
guldKremla2.jpg	guldKremla
guldKremla3.jpg	guldKremla
guldKremla4.jpg	guldKremla
guldKremla5.jpg	guldKremla
gulKremla.jpg	gulKremla
gulKremla2.jpg	gulKremla
gulKremla3.jpg	gulKremla
gulKremla4.jpg	gulKremla
gulKremla5.jpg	gulKremla
gulLammticka.jpg	gulLammticka
gulLammticka2.jpg	gulLammticka
gulLammticka3.jpg	gulLammticka
gulRottryffel1.jpg	gulRottryffel
gulRottryffel2.jpg	gulRottryffel
gulRottryffel3.jpg	gulRottryffel
gulRottryffel4.jpg	gulRottryffel
gulRottryffel5.jpg	gulRottryffel
hasselsopp1.jpg	hasselsopp
hasselsopp2.jpg	hasselsopp
hasselsopp3.jpg	hasselsopp
hasselsopp4.jpg	hasselsopp
hasselsopp5.jpg	hasselsopp
hasselsopp6.jpg	hasselsopp
hasselsopp7.jpg	hasselsopp
hasselsopp8.JPG	hasselsopp
höstmusseron1.jpg	höstmusseron
höstmusseron2.jpg	höstmusseron
höstmusseron3.jpg	höstmusseron
höstmusseron4.jpg	höstmusseron
höstmusseron5.jpg	höstmusseron
höstmusseron6.jpg	höstmusseron
jätteröksvamp1.jpg	jätteröksvamp
jätteröksvamp2.jpg	jätteröksvamp
jätteröksvamp3.jpg	jätteröksvamp
jätteröksvamp4.jpg	jätteröksvamp
jätteröksvamp5.jpg	jätteröksvamp
kamfingersvamp1.jpg	kamfingersvamp
kamfingersvamp2.jpg	kamfingersvamp
kamfingersvamp3.jpg	kamfingersvamp
kamfingersvamp4.jpg	kamfingersvamp
kamfingersvamp5.jpg	kamfingersvamp
kamfingersvamp6.jpg	kamfingersvamp
kantarell1.jpg	kantarell
kantarell2.jpg	kantarell
kantarell3.jpg	kantarell
kantarell4.jpg	kantarell
kantarell5.jpg	kantarell
kantarell6.jpg	kantarell
kantarell7.jpg	kantarell
kantkremla1.jpg	kantkremla
kantkremla2.jpg	kantkremla
kantkremla3.jpg	kantkremla
kantkremla4.jpg	kantkremla
kantkremla5.jpg	kantkremla
kastanjemusseron1.jpg	kastanjemusseron
kastanjemusseron2.jpg	kastanjemusseron
kastanjemusseron3.jpg	kastanjemusseron
kastanjemusseron4.jpg	kastanjemusseron
kastanjemusseron5.jpg	kastanjemusseron
klubbtrattskivling1.jpg	klubbtrattskivling
klubbtrattskivling2.jpg	klubbtrattskivling
klubbtrattskivling3.jpg	klubbtrattskivling
klubbtrattskivling4.jpg	klubbtrattskivling
klubbtrattskivling5.jpg	klubbtrattskivling
knölchampinjon1.jpg	knölchampinjon
knölchampinjon2.jpg	knölchampinjon
knölchampinjon3.jpg	knölchampinjon
knölchampinjon4.jpg	knölchampinjon
knölchampinjon5.jpg	knölchampinjon
knölchampinjon6.jpg	knölchampinjon
kungschampinjon1.jpg	kungschampinjon
kungschampinjon2.jpg	kungschampinjon
kungschampinjon3.jpg	kungschampinjon
kungschampinjon4.jpg	kungschampinjon
kungschampinjon5.jpg	kungschampinjon
kungschampinjon6.jpg	kungschampinjon
läckerRiska1.jpg	läckerRiska
läckerRiska2.jpg	läckerRiska
läckerRiska3.jpg	läckerRiska
läckerRiska4.jpg	läckerRiska
läckerRiska5.jpg	läckerRiska
läckerRiska6.jpg	läckerRiska
lakritsriska1.jpg	lakritsriska
lakritsriska2.jpg	lakritsriska
lakritsriska3.jpg	lakritsriska
lakritsriska4.jpg	lakritsriska
lakritsriska5.jpg	lakritsriska
lammticka1.jpg	lammticka
lammticka2.jpg	lammticka
lammticka3.jpg	lammticka
lammticka4.jpg	lammticka
lammticka5.jpg	lammticka
lammticka6.jpg	lammticka
lärksopp1.jpg	lärksopp
lärksopp2.jpg	lärksopp
lärksopp3.jpg	lärksopp
lärksopp4.jpg	lärksopp
lärksopp5.jpg	lärksopp
lärksopp6.jpg	lärksopp
lärksopp7.jpg	lärksopp
lokspindling1.jpg	lokspindling
lokspindling2.jpg	lokspindling
lokspindling3.jpg	lokspindling
lokspindling4.jpg	lokspindling
lokspindling5.jpg	lokspindling
lömskBikoppsmössa1.jpg	lömskBikoppsmössa
lömskBikoppsmössa2.jpg	lömskBikoppsmössa
lömskBikoppsmössa3.jpg	lömskBikoppsmössa
lömskBikoppsmössa4.jpg	lömskBikoppsmössa
lömskBikoppsmössa5.jpg	lömskBikoppsmössa
lömskFingersvamp1.jpg	lömskFingersvamp
lömskFingersvamp2.jpg	lömskFingersvamp
lömskFingersvamp3.jpg	lömskFingersvamp
lömskFlugsvamp1.jpg	lömskFlugsvamp
lömskFlugsvamp2.jpg	lömskFlugsvamp
lömskFlugsvamp3.jpg	lömskFlugsvamp
lömskFlugsvamp4.jpg	lömskFlugsvamp
lömskFlugsvamp5.jpg	lömskFlugsvamp
lövtrattsskivling1.jpg	lövtrattsskivling
lövtrattsskivling2.jpg	lövtrattsskivling
lövtrattsskivling3.jpg	lövtrattsskivling
lövtrattsskivling4.jpg	lövtrattsskivling
lövtrattsskivling5.jpg	lövtrattsskivling
luktmusseron1.jpg	luktmusseron
luktmusseron2.jpg	luktmusseron
luktmusseron3.jpg	luktmusseron
luktmusseron4.jpg	luktmusseron
luktmusseron5.jpg	luktmusseron
lundvaxskivling1.jpg	lundvaxskivling
lundvaxskivling2.jpg	lundvaxskivling
lundvaxskivling3.jpg	lundvaxskivling
lundvaxskivling4.jpg	lundvaxskivling
lundvaxskivling5.jpg	lundvaxskivling
lysticka1.jpg	lysticka
lysticka2.jpg	lysticka
lysticka3.jpg	lysticka
lysticka4.jpg	lysticka
mandelkremla1.jpg	mandelkremla
mandelkremla2.jpg	mandelkremla
mandelkremla3.jpg	mandelkremla
mandelkremla4.jpg	mandelkremla
mandelkremla5.jpg	mandelkremla
mandelkremla6.jpg	mandelkremla
mandelriska1.JPG	mandelriska
mandelriska2.JPG	mandelriska
mandelriska3.JPG	mandelriska
mandelriska4.JPG	mandelriska
mandelriska5.JPG	mandelriska
mjölskivling1.jpg	mjölskivling
mjölskivling2.jpg	mjölskivling
mjölskivling3.jpg	mjölskivling
mjölskivling4.jpg	mjölskivling
mjölskivling5.jpg	mjölskivling
mjölskivling6.jpg	mjölskivling
mössmurkling1.jpg	mössmurkling
mössmurkling2.jpg	mössmurkling
mössmurkling3.jpg	mössmurkling
mössmurkling4.jpg	mössmurkling
mössmurkling5.jpg	mössmurkling
motaggsvamp1.jpg	motaggsvamp
motaggsvamp2.jpg	motaggsvamp
motaggsvamp3.jpg	motaggsvamp
motaggsvamp4.jpg	motaggsvamp
motaggsvamp5.jpg	motaggsvamp
motaggsvamp6.jpg	motaggsvamp
motaggsvamp7.jpg	motaggsvamp
nejlikbrosking1.jpg	nejlikbrosking
nejlikbrosking2.jpg	nejlikbrosking
nejlikbrosking3.jpg	nejlikbrosking
nejlikbrosking4.jpg	nejlikbrosking
nejlikbrosking5.jpg	nejlikbrosking
olivvaxskivling1.jpg	olivvaxskivling
olivvaxskivling2.JPG	olivvaxskivling
olivvaxskivling3.jpg	olivvaxskivling
olivvaxskivling4.jpg	olivvaxskivling
olivvaxskivling5.jpg	olivvaxskivling
olivvaxskivling6.jpg	olivvaxskivling
orangebrunGiftspindling1.jpg	orangebrunGiftspindling
orangebrunGiftspindling2.jpg	orangebrunGiftspindling
orangebrunGiftspindling3.jpg	orangebrunGiftspindling
orangebrunGiftspindling4.jpg	orangebrunGiftspindling
orangebrunGiftspindling5.jpg	orangebrunGiftspindling
örsopp1.jpg	örsopp
örsopp2.jpg	örsopp
örsopp3.jpg	örsopp
örsopp4.jpg	örsopp
örsopp5.jpg	örsopp
örsopp6.jpg	örsopp
örsopp7.jpg	örsopp
örsopp8.jpg	örsopp
ostronmussling1.jpg	ostronmussling
ostronmussling2.jpg	ostronmussling
ostronmussling3.jpg	ostronmussling
ostronmussling4.jpg	ostronmussling
ostronmussling5.jpg	ostronmussling
ostronmussling6.jpg	ostronmussling
panterflugsvamp1.jpg	panterflugsvamp
panterflugsvamp2.jpg	panterflugsvamp
panterflugsvamp3.jpg	panterflugsvamp
panterflugsvamp4.jpg	panterflugsvamp
panterflugsvamp5.jpg	panterflugsvamp
pärlchampinjon1.jpg	pärlchampinjon
pärlchampinjon2.jpg	pärlchampinjon
pärlchampinjon3.jpg	pärlchampinjon
pärlchampinjon4.jpg	pärlchampinjon
pärlchampinjon5.jpg	pärlchampinjon
pepparriska1.JPG	pepparriska
pepparriska2.JPG	pepparriska
pepparriska3.JPG	pepparriska
pepparriska4.JPG	pepparriska
pepparriska5.JPG	pepparriska
pepparriska6.JPG	pepparriska
pluggskivling1.jpg	pluggskivling
pluggskivling2.jpg	pluggskivling
pluggskivling3.jpg	pluggskivling
pluggskivling4.jpg	pluggskivling
pluggskivling5.jpg	pluggskivling
potatisrottryffel1.jpg	potatisrottryffel
potatisrottryffel2.jpg	potatisrottryffel
potatisrottryffel3.jpg	potatisrottryffel
potatisrottryffel4.jpg	potatisrottryffel
potatisrottryffel5.jpg	potatisrottryffel
rättikmusseron1.jpg	rättikmusseron
rättikmusseron2.jpg	rättikmusseron
rättikmusseron3.jpg	rättikmusseron
rättikmusseron4.JPG	rättikmusseron
rättikmusseron5.jpg	rättikmusseron
riddarmusseron1.jpg	riddarmusseron
riddarmusseron2.jpg	riddarmusseron
riddarmusseron3.jpg	riddarmusseron
riddarmusseron4.jpg	riddarmusseron
riddarmusseron5.jpg	riddarmusseron
rimskivling1.jpg	rimskivling
rimskivling2.jpg	rimskivling
rimskivling3.jpg	rimskivling
rimskivling4.jpg	rimskivling
rimskivling5.jpg	rimskivling
rimskivling6.jpg	rimskivling
ringbitterskivling1.jpg	ringbitterskivling
ringbitterskivling2.jpg	ringbitterskivling
ringbitterskivling3.jpg	ringbitterskivling
ringbitterskivling4.jpg	ringbitterskivling
ringbitterskivling5.jpg	ringbitterskivling
rödbrunStensopp1.jpg	rödbrunStensopp
rödbrunStensopp2.jpg	rödbrunStensopp
rödbrunStensopp3.jpg	rödbrunStensopp
rödbrunStensopp4.jpg	rödbrunStensopp
rödbrunStensopp5.jpg	rödbrunStensopp
rödbrunStensopp6.jpg	rödbrunStensopp
rödbrunStensopp7.jpg	rödbrunStensopp
rödFlugsvamp1.jpg	rödFlugsvamp
rödFlugsvamp2.jpg	rödFlugsvamp
rödFlugsvamp3.jpg	rödFlugsvamp
rödFlugsvamp4.jpg	rödFlugsvamp
rödFlugsvamp5.jpg	rödFlugsvamp
rödgulTaggsvamp1.jpg	rödgulTaggsvamp
rödgulTaggsvamp2.jpg	rödgulTaggsvamp
rödgulTaggsvamp3.jpg	rödgulTaggsvamp
rödgulTaggsvamp4.jpg	rödgulTaggsvamp
rödgulTaggsvamp5.jpg	rödgulTaggsvamp
rödgulTrumpetsvamp1.jpg	rödgulTrumpetsvamp
rödgulTrumpetsvamp2.jpg	rödgulTrumpetsvamp
rödgulTrumpetsvamp3.jpg	rödgulTrumpetsvamp
rödgulTrumpetsvamp4.jpg	rödgulTrumpetsvamp
rödgulTrumpetsvamp5.jpg	rödgulTrumpetsvamp
rökslöjskivling1.jpg	rökslöjskivling
rökslöjskivling2.jpg	rökslöjskivling
rökslöjskivling3.jpg	rökslöjskivling
rökslöjskivling4.jpg	rökslöjskivling
rökslöjskivling5.jpg	rökslöjskivling
rosenslemskivling1.jpg	rosenslemskivling
rosenslemskivling2.jpg	rosenslemskivling
rosenslemskivling3.jpg	rosenslemskivling
rosenslemskivling4.jpg	rosenslemskivling
rosenslemskivling5.jpg	rosenslemskivling
rundToppmurkla1.jpg	rundToppmurkla
rundToppmurkla2.jpg	rundToppmurkla
rundToppmurkla3.jpg	rundToppmurkla
rundToppmurkla4.jpg	rundToppmurkla
rundToppmurkla5.jpg	rundToppmurkla
rutsopp1.jpg	rutsopp
rutsopp2.jpg	rutsopp
rutsopp3.jpg	rutsopp
såpmusseron1.jpg	såpmusseron
såpmusseron2.jpg	såpmusseron
såpmusseron3.jpg	såpmusseron
såpmusseron4.jpg	såpmusseron
såpmusseron5.jpg	såpmusseron
sidentråding1.jpg	sidentråding
sidentråding2.jpg	sidentråding
sidentråding3.jpg	sidentråding
sidentråding4.jpg	sidentråding
sidentråding5.jpg	sidentråding
sillkremla1.jpg	sillkremla
sillkremla2.jpg	sillkremla
sillkremla3.jpg	sillkremla
sillkremla4.jpg	sillkremla
sillkremla5.jpg	sillkremla
sillkremla6.jpg	sillkremla
sillkremla7.jpg	sillkremla
sillkremla8.jpg	sillkremla
sillkremla9.jpg	sillkremla
skäggriska1.jpg	skäggriska
skäggriska2.jpg	skäggriska
skäggriska3.jpg	skäggriska
skäggriska4.jpg	skäggriska
skäggriska5.jpg	skäggriska
skäggriska6.jpg	skäggriska
skäggriska7.jpg	skäggriska
skäggriska8.jpg	skäggriska
skogschampinjon1.jpg	skogschampinjon
skogschampinjon2.jpg	skogschampinjon
skogschampinjon3.jpg	skogschampinjon
skogschampinjon4.jpg	skogschampinjon
skogschampinjon5.jpg	skogschampinjon
skogsriska1.jpg	skogsriska
skogsriska2.jpg	skogsriska
skogsriska3.jpg	skogsriska
skogsriska4.jpg	skogsriska
skogsriska5.jpg	skogsriska
skogsriska6.jpg	skogsriska
smörsopp1.jpg	smörsopp
smörsopp2.jpg	smörsopp
smörsopp3.jpg	smörsopp
smörsopp4.jpg	smörsopp
smörsopp5.jpg	smörsopp
smörsopp6.jpg	smörsopp
smörsopp7.jpg	smörsopp
smörsopp8.jpg	smörsopp
snöbollschampinjon1.jpg	snöbollschampinjon
snöbollschampinjon2.jpg	snöbollschampinjon
snöbollschampinjon3.jpg	snöbollschampinjon
snöbollschampinjon4.jpg	snöbollschampinjon
snöbollschampinjon5.jpg	snöbollschampinjon
snöbollschampinjon6.jpg	snöbollschampinjon
snöbollschampinjon7.jpg	snöbollschampinjon
sotvaxskivling1.jpg	sotvaxskivling
sotvaxskivling2.jpg	sotvaxskivling
sotvaxskivling3.jpg	sotvaxskivling
sotvaxskivling4.jpg	sotvaxskivling
sotvaxskivling5.jpg	sotvaxskivling
sotvaxskivling6.jpg	sotvaxskivling
stenmurkla1.jpg	stenmurkla
stenmurkla2.jpg	stenmurkla
stenmurkla3.jpg	stenmurkla
stenmurkla4.jpg	stenmurkla
stenmurkla5.jpg	stenmurkla
stensopp1.jpg	stensopp
stensopp2.jpg	stensopp
stensopp3.jpg	stensopp
stensopp4.jpg	stensopp
stensopp5.jpg	stensopp
stensopp6.jpg	stensopp
stensopp7.jpg	stensopp
stensopp8.jpg	stensopp
stensopp9.jpg	stensopp
stensopp10.jpg	stensopp0
stoltFjällskivling1.jpg	stoltFjällskivling
stoltFjällskivling2.jpg	stoltFjällskivling
stoltFjällskivling3.jpg	stoltFjällskivling
stoltFjällskivling4.jpg	stoltFjällskivling
stoltFjällskivling5.jpg	stoltFjällskivling
stoltFjällskivling6.jpg	stoltFjällskivling
stoltFjällskivling7.jpg	stoltFjällskivling
stoltFjällskivling8.jpg	stoltFjällskivling
storkremla1.jpg	storkremla
storkremla2.jpg	storkremla
storkremla3.jpg	storkremla
storkremla4.jpg	storkremla
storkremla5.jpg	storkremla
storkremla6.jpg	storkremla
storkremla7.jpg	storkremla
storkremla8.jpg	storkremla
storkremla9.jpg	storkremla
storkremla10.jpg	storkremla0
storkremla11.jpg	storkremla
streckmusseron1.jpg	streckmusseron
streckmusseron2.jpg	streckmusseron
streckmusseron3.jpg	streckmusseron
streckmusseron4.jpg	streckmusseron
streckmusseron5.jpg	streckmusseron
streckmusseron6.jpg	streckmusseron
streckmusseron7.jpg	streckmusseron
streckmusseron8.jpg	streckmusseron
streckmusseron9.jpg	streckmusseron
svartHattmurkla1.jpg	svartHattmurkla
svartHattmurkla2.jpg	svartHattmurkla
svartHattmurkla3.jpg	svartHattmurkla
svartHattmurkla4.jpg	svartHattmurkla
svartHattmurkla5.jpg	svartHattmurkla
svartHattmurkla6.jpg	svartHattmurkla
svartHattmurkla7.jpg	svartHattmurkla
svartHattmurkla8.jpg	svartHattmurkla
svartHattmurkla9.jpg	svartHattmurkla
svartriska1.jpg	svartriska
svartriska2.jpg	svartriska
svartriska3.jpg	svartriska
svartriska4.jpg	svartriska
svartriska5.jpg	svartriska
svartTrumpetsvamp1.jpg	svartTrumpetsvamp
svartTrumpetsvamp2.jpg	svartTrumpetsvamp
svartTrumpetsvamp3.jpg	svartTrumpetsvamp
svartTrumpetsvamp4.jpg	svartTrumpetsvamp
svartTrumpetsvamp5.jpg	svartTrumpetsvamp
svartTrumpetsvamp6.jpg	svartTrumpetsvamp
svartTrumpetsvamp7.jpg	svartTrumpetsvamp
svartTrumpetsvamp8.jpg	svartTrumpetsvamp
svartTrumpetsvamp9.jpg	svartTrumpetsvamp
svavelgulslöjskivling1.jpg	svavelgulslöjskivling
svavelgulslöjskivling2.jpg	svavelgulslöjskivling
svavelgulslöjskivling3.jpg	svavelgulslöjskivling
svavelgulslöjskivling4.jpg	svavelgulslöjskivling
svavelgulslöjskivling5.jpg	svavelgulslöjskivling
svavelmusseron1.jpg	svavelmusseron
svavelmusseron2.jpg	svavelmusseron
svavelmusseron3.jpg	svavelmusseron
svavelmusseron4.jpg	svavelmusseron
svavelmusseron5.jpg	svavelmusseron
svavelspindling1.jpg	svavelspindling
svavelspindling2.jpg	svavelspindling
svavelspindling3.jpg	svavelspindling
svavelspindling4.jpg	svavelspindling
svavelspindling5.jpg	svavelspindling
tåfränskivling1.jpg	tåfränskivling
tåfränskivling2.jpg	tåfränskivling
tåfränskivling3.jpg	tåfränskivling
tåfränskivling4.jpg	tåfränskivling
tåfränskivling5.jpg	tåfränskivling
tegelkremla1.jpg	tegelkremla
tegelkremla2.jpg	tegelkremla
tegelkremla3.jpg	tegelkremla
tegelkremla4.jpg	tegelkremla
tegelkremla5.jpg	tegelkremla
tegelkremla6.jpg	tegelkremla
tegelkremla7.jpg	tegelkremla
tegelkremla8.jpg	tegelkremla
tegelkremla9.jpg	tegelkremla
tegelkremla10.jpg	tegelkremla0
tegelsopp1.jpg	tegelsopp
tegelsopp2.jpg	tegelsopp
tegelsopp3.jpg	tegelsopp
tegelsopp4.jpg	tegelsopp
tegelsopp5.jpg	tegelsopp
tegelsopp6.jpg	tegelsopp
tegelsopp7.jpg	tegelsopp
tegelsopp8.jpg	tegelsopp
tegelsopp9.jpg	tegelsopp
tegelsopp10.jpg	tegelsopp0
tegelsopp11.jpg	tegelsopp
toppigGiftspindling1.jpg	toppigGiftspindling
toppigGiftspindling2.jpg	toppigGiftspindling
toppigGiftspindling3.jpg	toppigGiftspindling
toppigGiftspindling4.jpg	toppigGiftspindling
toppigGiftspindling5.jpg	toppigGiftspindling
toppmurkla1.jpg	toppmurkla
toppmurkla2.jpg	toppmurkla
toppmurkla3.jpg	toppmurkla
toppmurkla4.jpg	toppmurkla
toppmurkla5.jpg	toppmurkla
toppmurkla6.jpg	toppmurkla
toppmurkla7.jpg	toppmurkla
toppmurkla8.jpg	toppmurkla
toppmurkla9.jpg	toppmurkla
toppmurkla10.jpg	toppmurkla
toppslätskivling1.jpg	toppslätskivling
toppslätskivling2.jpg	toppslätskivling
toppslätskivling3.jpg	toppslätskivling
toppslätskivling4.jpg	toppslätskivling
toppslätskivling5.jpg	toppslätskivling
topptråding1.jpg	topptråding
topptråding2.jpg	topptråding
topptråding3.jpg	topptråding
topptråding4.jpg	topptråding
topptråding5.jpg	topptråding
toppvaxskivling1.jpg	toppvaxskivling
toppvaxskivling2.jpg	toppvaxskivling
toppvaxskivling3.jpg	toppvaxskivling
toppvaxskivling4.jpg	toppvaxskivling
toppvaxskivling5.jpg	toppvaxskivling
trädgårdschampinjon1.jpg	trädgårdschampinjon
trädgårdschampinjon2.jpg	trädgårdschampinjon
trädgårdschampinjon3.jpg	trädgårdschampinjon
trädgårdschampinjon4.jpg	trädgårdschampinjon
trädgårdschampinjon5.jpg	trädgårdschampinjon
trädgårdschampinjon6.jpg	trädgårdschampinjon
trattkantarell1.jpg	trattkantarell
trattkantarell2.jpg	trattkantarell
trattkantarell3.jpg	trattkantarell
trattkantarell4.jpg	trattkantarell
trattkantarell5.jpg	trattkantarell
trattkantarell6.jpg	trattkantarell
trattkantarell7.jpg	trattkantarell
trattkantarell8.jpg	trattkantarell
trattkantarell9.jpg	trattkantarell
trattkantarell10.jpg	trattkantarell
trattkantarell11.jpg	trattkantarell
trattkantarell12.jpg	trattkantarell
trattkantarell13.jpg	trattkantarell
vägchampinjon1.jpg	vägchampinjon
vägchampinjon2.jpg	vägchampinjon
vägchampinjon3.jpg	vägchampinjon
vägchampinjon4.jpg	vägchampinjon
vägchampinjon5.jpg	vägchampinjon
vägchampinjon6.jpg	vägchampinjon
vägchampinjon7.jpg	vägchampinjon
vägchampinjon8.jpg	vägchampinjon
vårmusseron1.jpg	vårmusseron
vårmusseron2.jpg	vårmusseron
vårmusseron3.jpg	vårmusseron
vårmusseron4.jpg	vårmusseron
vårmusseron5.jpg	vårmusseron
vårmusseron6.jpg	vårmusseron
vårmusseron7.jpg	vårmusseron
vårrödhätting1.jpg	vårrödhätting
vårrödhätting2.jpg	vårrödhätting
vårrödhätting3.jpg	vårrödhätting
vårrödhätting4.jpg	vårrödhätting
vårrödhätting5.jpg	vårrödhätting
vårtigRöksvamp1.jpg	vårtigRöksvamp
vårtigRöksvamp2.jpg	vårtigRöksvamp
vårtigRöksvamp3.jpg	vårtigRöksvamp
vårtigRöksvamp4.jpg	vårtigRöksvamp
vårtigRöksvamp5.jpg	vårtigRöksvamp
vårtigRöksvamp6.jpg	vårtigRöksvamp
vårtigRöksvamp7.jpg	vårtigRöksvamp
vårtigRöksvamp8.jpg	vårtigRöksvamp
vårtigRöksvamp9.jpg	vårtigRöksvamp
vinkremla1.jpg	vinkremla
vinkremla2.jpg	vinkremla
vinkremla3.jpg	vinkremla
vinkremla4.jpg	vinkremla
vinkremla5.jpg	vinkremla
vinkremla6.jpg	vinkremla
vinkremla7.jpg	vinkremla
vinriska1.jpg	vinriska
vinriska2.jpg	vinriska
vinriska3.jpg	vinriska
vinriska4.jpg	vinriska
vinriska5.jpg	vinriska
vinriska6.jpg	vinriska
vinriska7.jpg	vinriska
vinriska8.jpg	vinriska
vinriska9.jpg	vinriska
vinriska10.jpg	vinriska
vinterskivling1.jpg	vinterskivling
vinterskivling2.jpg	vinterskivling
vinterskivling3.jpg	vinterskivling
vinterskivling4.jpg	vinterskivling
vinterskivling5.jpg	vinterskivling
vinterskivling6.jpg	vinterskivling
vinterskivling7.jpg	vinterskivling
vinterskivling8.jpg	vinterskivling
vinterskivling9.jpg	vinterskivling
violgubbe1.jpg	violgubbe
violgubbe2.jpg	violgubbe
violgubbe3.jpg	violgubbe
violgubbe4.jpg	violgubbe
violgubbe5.jpg	violgubbe
violgubbe6.jpg	violgubbe
violgubbe7.jpg	violgubbe
violgubbe8.jpg	violgubbe
violgubbe9.jpg	violgubbe
violgubbe10.jpg	violgubbe
vitFlugsvamp1.jpg	vitFlugsvamp
vitFlugsvamp2.jpg	vitFlugsvamp
vitFlugsvamp3.jpg	vitFlugsvamp
vitFlugsvamp4.jpg	vitFlugsvamp
vitFlugsvamp5.jpg	vitFlugsvamp
vitgulFlugsvamp1.jpg	vitgulFlugsvamp
vitgulFlugsvamp2.jpg	vitgulFlugsvamp
vitgulFlugsvamp3.jpg	vitgulFlugsvamp
vitgulFlugsvamp4.jpg	vitgulFlugsvamp
vitgulFlugsvamp5.jpg	vitgulFlugsvamp
vitKungschampinjon1.jpg	vitKungschampinjon
vitKungschampinjon2.jpg	vitKungschampinjon
vitKungschampinjon3.jpg	vitKungschampinjon
vitKungschampinjon4.jpg	vitKungschampinjon
vitKungschampinjon5.jpg	vitKungschampinjon
vitKungschampinjon6.jpg	vitKungschampinjon
vitKungschampinjon7.jpg	vitKungschampinjon
vitKungschampinjon8.jpg	vitKungschampinjon